Date,Close/Last
07/28/2021,1804.6
07/27/2021,1804
07/26/2021,1803.4
07/23/2021,1805.9
07/22/2021,1809.2
07/21/2021,1807.4
07/20/2021,1811.4
07/19/2021,1809.2
07/16/2021,1815
07/15/2021,1829
07/14/2021,1825
07/13/2021,1809.9
07/12/2021,1805.9
07/09/2021,1810.6
07/08/2021,1800.2
07/07/2021,1802.1
07/06/2021,1794.2
07/02/2021,1783.3
07/01/2021,1776.8
06/30/2021,1771.6
06/29/2021,1763.6
06/28/2021,1780.7
06/25/2021,1777.8
06/24/2021,1776.7
06/23/2021,1783.4
06/22/2021,1777.4
06/21/2021,1782.9
06/18/2021,1769
06/17/2021,1774.8
06/16/2021,1861.4
06/15/2021,1856.4
06/14/2021,1865.9
06/11/2021,1879.6
06/10/2021,1896.4
06/09/2021,1895.5
06/08/2021,1894.4
06/07/2021,1898.8
06/04/2021,1892
06/03/2021,1873.3
06/02/2021,1909.9
06/01/2021,1905
05/28/2021,1905.3
05/27/2021,1898.5
05/26/2021,1903.8
05/25/2021,1900.5
05/24/2021,1886.7
05/21/2021,1878.9
05/20/2021,1883.9
05/19/2021,1881.5
05/18/2021,1868
05/17/2021,1867.6
05/14/2021,1838.1
05/13/2021,1824
05/12/2021,1822.8
05/11/2021,1836.1
05/10/2021,1837.6
05/07/2021,1831.3
05/06/2021,1815.7
05/05/2021,1784.3
05/04/2021,1776
05/03/2021,1791.8
04/30/2021,1767.7
04/29/2021,1768.3
04/28/2021,1773.9
04/27/2021,1778.8
04/26/2021,1780.1
04/23/2021,1777.8
04/22/2021,1782
04/21/2021,1793.1
04/20/2021,1778.4
04/19/2021,1770.6
04/16/2021,1780.2
04/15/2021,1766.8
04/14/2021,1736.3
04/13/2021,1747.6
04/12/2021,1732.7
04/09/2021,1744.8
04/08/2021,1758.2
04/07/2021,1741.6
04/06/2021,1743
04/05/2021,1728.8
04/01/2021,1728.4
03/31/2021,1715.6
03/30/2021,1686
03/29/2021,1714.6
03/26/2021,1734.7
03/25/2021,1727.3
03/24/2021,1735.5
03/23/2021,1727.5
03/22/2021,1740.4
03/19/2021,1743.9
03/18/2021,1734.6
03/17/2021,1727.1
03/16/2021,1730.9
03/15/2021,1729.2
03/12/2021,1719.8
03/11/2021,1722.6
03/10/2021,1721.8
03/09/2021,1716.9
03/08/2021,1678
03/05/2021,1698.5
03/04/2021,1700.7
03/03/2021,1715.8
03/02/2021,1733.6
03/01/2021,1723
02/26/2021,1728.8
02/25/2021,1775.4
02/24/2021,1797.9
02/23/2021,1805.9
02/22/2021,1808.4
02/19/2021,1777.4
02/18/2021,1775
02/17/2021,1772.8
02/16/2021,1799
02/12/2021,1823.2
02/11/2021,1826.8
02/10/2021,1842.7
02/09/2021,1837.5
02/08/2021,1834.2
02/05/2021,1813
02/04/2021,1791.2
02/03/2021,1835.1
02/02/2021,1833.4
02/01/2021,1863.9
01/29/2021,1850.3
01/28/2021,1841.2
01/27/2021,1848.9
01/26/2021,1854.8
01/25/2021,1859
01/22/2021,1859.9
01/21/2021,1869.3
01/20/2021,1870.2
01/19/2021,1840.2
01/15/2021,1829.9
01/14/2021,1851.4
01/13/2021,1854.9
01/12/2021,1844.2
01/11/2021,1850.8
01/08/2021,1835.4
01/07/2021,1913.6
01/06/2021,1908.6
01/05/2021,1954.4
01/04/2021,1946.6
12/31/2020,1895.1
12/30/2020,1893.4
12/29/2020,1882.9
12/28/2020,1880.4
12/24/2020,1883.2
12/23/2020,1878.1
12/22/2020,1870.3
12/21/2020,1882.8
12/18/2020,1888.9
12/17/2020,1890.4
12/16/2020,1859.1
12/15/2020,1855.3
12/14/2020,1832.1
12/11/2020,1843.6
12/10/2020,1837.4
12/09/2020,1838.5
12/08/2020,1874.9
12/07/2020,1866
12/04/2020,1840
12/03/2020,1841.1
12/02/2020,1830.2
12/01/2020,1818.9
11/30/2020,1780.9
11/27/2020,1788.1
11/25/2020,1811.2
11/24/2020,1810.9
11/23/2020,1844.1
11/20/2020,1872.4
11/19/2020,1861.5
11/18/2020,1873.9
11/17/2020,1885.1
11/16/2020,1887.8
11/13/2020,1886.2
11/12/2020,1873.3
11/11/2020,1861.6
11/10/2020,1876.4
11/09/2020,1854.4
11/06/2020,1951.7
11/05/2020,1946.8
11/04/2020,1896.2
11/03/2020,1910.4
11/02/2020,1892.5
10/30/2020,1879.9
10/29/2020,1868
10/28/2020,1879.2
10/27/2020,1911.9
10/26/2020,1905.7
10/23/2020,1905.2
10/22/2020,1904.6
10/21/2020,1929.5
10/20/2020,1915.4
10/19/2020,1911.7
10/16/2020,1906.4
10/15/2020,1908.9
10/14/2020,1907.3
10/13/2020,1894.6
10/12/2020,1928.9
10/09/2020,1926.2
10/08/2020,1895.1
10/07/2020,1890.8
10/06/2020,1908.8
10/05/2020,1920.1
10/02/2020,1907.6
10/01/2020,1916.3
09/30/2020,1895.5
09/29/2020,1903.2
09/28/2020,1882.3
09/25/2020,1866.3
09/24/2020,1876.9
09/23/2020,1868.4
09/22/2020,1907.6
09/21/2020,1910.6
09/18/2020,1962.1
09/17/2020,1949.9
09/16/2020,1970.5
09/15/2020,1966.2
09/14/2020,1963.7
09/11/2020,1947.9
09/10/2020,1964.3
09/09/2020,1954.9
09/08/2020,1943.2
09/04/2020,1934.3
09/03/2020,1937.8
09/02/2020,1944.7
09/01/2020,1978.9
08/31/2020,1978.6
08/28/2020,1974.9
08/27/2020,1932.6
08/26/2020,1952.5
08/25/2020,1923.1
08/24/2020,1939.2
08/21/2020,1947
08/20/2020,1946.5
08/19/2020,1970.3
08/18/2020,2013.1
08/17/2020,1998.7
08/14/2020,1949.8
08/13/2020,1970.4
08/12/2020,1949
08/11/2020,1946.3
08/10/2020,2039.7
08/07/2020,2028
08/06/2020,2069.4
08/05/2020,2049.3
08/04/2020,2021
08/03/2020,1986.3
07/31/2020,1985.9
07/30/2020,1966.8
07/29/2020,1976.7
07/28/2020,1963.9
07/27/2020,1955.4
07/24/2020,1897.5
07/23/2020,1890
07/22/2020,1865.1
07/21/2020,1843.9
07/20/2020,1817.4
07/17/2020,1810
07/16/2020,1800.3
07/15/2020,1813.8
07/14/2020,1813.4
07/13/2020,1814.1
07/10/2020,1801.9
07/09/2020,1803.8
07/08/2020,1820.6
07/07/2020,1809.9
07/06/2020,1793.5
07/02/2020,1790
07/01/2020,1779.9
06/30/2020,1800.5
06/29/2020,1781.2
06/26/2020,1780.3
06/25/2020,1770.6
06/24/2020,1775.1
06/23/2020,1782
06/22/2020,1766.4
06/19/2020,1753
06/18/2020,1731.1
06/17/2020,1735.6
06/16/2020,1736.5
06/15/2020,1727.2
06/12/2020,1737.3
06/11/2020,1739.8
06/10/2020,1720.7
06/09/2020,1721.9
06/08/2020,1705.1
06/05/2020,1683
06/04/2020,1727.4
06/03/2020,1704.8
06/02/2020,1734
06/01/2020,1750.3
05/29/2020,1736.9
05/28/2020,1728.3
05/27/2020,1726.8
05/26/2020,1728.2
05/22/2020,1734.6
05/21/2020,1721.9
05/20/2020,1750.6
05/19/2020,1745.6
05/18/2020,1734.4
05/15/2020,1753.4
05/14/2020,1740.9
05/13/2020,1716.4
05/12/2020,1706.8
05/11/2020,1698
05/08/2020,1709.9
05/07/2020,1725.8
05/06/2020,1688.5
05/05/2020,1710.6
05/04/2020,1713.3
05/01/2020,1694.5
04/30/2020,1694.2
04/29/2020,1703.4
04/28/2020,1722.2
04/27/2020,1723.8
04/24/2020,1723.5
04/23/2020,1745.4
04/22/2020,1738.3
04/21/2020,1687.8
04/20/2020,1711.2
04/17/2020,1689.2
04/16/2020,1731.7
04/15/2020,1740.2
04/14/2020,1768.9
04/13/2020,1744.8
04/09/2020,1736.2
04/08/2020,1684.3
04/07/2020,1683.7
04/06/2020,1677
04/03/2020,1633.7
04/02/2020,1637.7
04/01/2020,1591.4
03/31/2020,1583.4
03/30/2020,1643.2
03/27/2020,1623.9
03/26/2020,1660.3
03/25/2020,1634.3
03/24/2020,1660.2
03/23/2020,1572.7
03/20/2020,1484
03/19/2020,1479.3
03/18/2020,1477.9
03/17/2020,1524.9
03/16/2020,1486.5
03/13/2020,1516.7
03/12/2020,1590.3
03/11/2020,1642.3
03/10/2020,1659.1
03/09/2020,1675.7
03/06/2020,1672.4
03/05/2020,1666.4
03/04/2020,1643
03/03/2020,1642.1
03/02/2020,1592.3
02/28/2020,1564.1
02/27/2020,1642.5
02/26/2020,1643.1
02/25/2020,1650
02/24/2020,1676.6
02/21/2020,1644.6
02/20/2020,1620.5
02/19/2020,1611.8
02/18/2020,1600
02/14/2020,1582.7
02/13/2020,1578.8
02/12/2020,1571.6
02/11/2020,1565.6
02/10/2020,1579.5
02/07/2020,1568.6
02/06/2020,1570
02/05/2020,1562.8
02/04/2020,1555.5
02/03/2020,1582.4
01/31/2020,1582.9
01/30/2020,1589.2
01/29/2020,1576
01/28/2020,1575.8
01/27/2020,1583.7
01/24/2020,1571.1
01/23/2020,1571.6
01/22/2020,1556.7
01/21/2020,1556.4
01/17/2020,1558.8
01/16/2020,1550.5
01/15/2020,1554
01/14/2020,1544.6
01/13/2020,1550.6
01/10/2020,1557.5
01/09/2020,1554.3
01/08/2020,1560.2
01/07/2020,1574.3
01/06/2020,1568.8
01/03/2020,1549.2
01/02/2020,1528.1
12/31/2019,1519.5
12/30/2019,1518.6
12/27/2019,1518.1
12/26/2019,1514.4
12/24/2019,1499.1
12/23/2019,1488.7
12/20/2019,1474.7
12/19/2019,1478.2
12/18/2019,1478.7
12/17/2019,1480.6
12/16/2019,1480.5
12/13/2019,1475.6
12/12/2019,1472.3
12/11/2019,1475
12/10/2019,1462.6
12/09/2019,1464.9
12/06/2019,1459.1
12/05/2019,1483.1
12/04/2019,1480.2
12/03/2019,1478.2
12/02/2019,1469.2
11/29/2019,1472.7
11/27/2019,1453.4
11/26/2019,1467.4
11/25/2019,1463.8
11/22/2019,1468.8
11/21/2019,1470.5
11/20/2019,1470
11/19/2019,1473.3
11/18/2019,1471.9
11/15/2019,1467.3
11/14/2019,1473.4
11/13/2019,1463.3
11/12/2019,1452.1
11/11/2019,1457.1
11/08/2019,1461.3
11/07/2019,1464.2
11/06/2019,1493.1
11/05/2019,1483.7
11/04/2019,1511.1
11/01/2019,1508
10/31/2019,1514.8
10/30/2019,1493.2
10/29/2019,1490.7
10/28/2019,1495.8
10/25/2019,1499.5
10/24/2019,1504.7
10/23/2019,1495.7
10/22/2019,1487.5
10/21/2019,1488.1
10/18/2019,1488.2
10/17/2019,1498.3
10/16/2019,1494
10/15/2019,1483.5
10/14/2019,1497.6
10/11/2019,1488.7
10/10/2019,1500.9
10/09/2019,1512.8
10/08/2019,1497.2
10/07/2019,1504.4
10/04/2019,1506.2
10/03/2019,1513.8
10/02/2019,1501
10/01/2019,1489
09/30/2019,1472.9
09/27/2019,1506.4
09/26/2019,1515.2
09/25/2019,1512.3
09/24/2019,1532.1
09/23/2019,1531.5
09/20/2019,1507.3
09/19/2019,1506.2
09/18/2019,1515.8
09/17/2019,1513.4
09/16/2019,1503.1
09/13/2019,1490.9
09/12/2019,1507.4
09/11/2019,1503.2
09/10/2019,1499.2
09/09/2019,1511.1
09/06/2019,1506.2
09/05/2019,1525.5
09/04/2019,1560.4
09/03/2019,1555.9
08/30/2019,1529.2
08/29/2019,1536.9
08/28/2019,1549.1
08/27/2019,1551.8
08/26/2019,1537.2
08/23/2019,1537.6
08/22/2019,1497.3
08/21/2019,1515.7
08/20/2019,1515.7
08/19/2019,1511.6
08/16/2019,1523.6
08/15/2019,1531.2
08/14/2019,1527.8
08/13/2019,1514.1
08/12/2019,1517.2
08/09/2019,1508.5
08/08/2019,1509.5
08/07/2019,1507.3
08/06/2019,1484.2
08/05/2019,1464.6
08/02/2019,1457.5
08/01/2019,1432.4
07/31/2019,1437.8
07/30/2019,1441.8
07/29/2019,1433.3
07/26/2019,1432.2
07/25/2019,1427.5
07/24/2019,1436.5
07/23/2019,1421.7
07/22/2019,1426.9
07/19/2019,1426.7
07/18/2019,1428.1
07/17/2019,1421.3
07/16/2019,1411.2
07/15/2019,1413.5
07/12/2019,1412.2
07/11/2019,1406.7
07/10/2019,1412.5
07/09/2019,1400.5
07/08/2019,1400
07/05/2019,1400.1
07/03/2019,1420.9
07/02/2019,1408
07/01/2019,1385.6
06/28/2019,1409.7
06/27/2019,1412
06/26/2019,1411.6
06/25/2019,1418.7
06/24/2019,1418.2
06/21/2019,1400.1
06/20/2019,1396.9
06/19/2019,1348.8
06/18/2019,1350.7
06/17/2019,1342.9
06/14/2019,1344.5
06/13/2019,1343.7
06/12/2019,1336.8
06/11/2019,1331.2
06/10/2019,1329.3
06/07/2019,1346.1
06/06/2019,1342.7
06/05/2019,1333.6
06/04/2019,1323.4
06/03/2019,1327.9
05/31/2019,1311.1
05/30/2019,1287.1
05/29/2019,1286.3
05/28/2019,1282.5
05/24/2019,1289.2
05/23/2019,1291
05/22/2019,1274.2
05/21/2019,1273.2
05/20/2019,1277.3
05/17/2019,1275.7
05/16/2019,1286.2
05/15/2019,1297.8
05/14/2019,1296.3
05/13/2019,1301.8
05/10/2019,1287.4
05/09/2019,1285.2
05/08/2019,1281.4
05/07/2019,1285.6
05/06/2019,1283.8
05/03/2019,1281.3
05/02/2019,1272
05/01/2019,1284.2
04/30/2019,1282.8
04/29/2019,1281.5
04/26/2019,1288.8
04/25/2019,1279.7
04/24/2019,1279.4
04/23/2019,1273.2
04/22/2019,1277.6
04/18/2019,1276
04/17/2019,1276.8
04/16/2019,1277.2
04/15/2019,1291.3
04/12/2019,1295.2
04/11/2019,1293.3
04/10/2019,1313.9
04/09/2019,1308.3
04/08/2019,1297.1
04/05/2019,1295.6
04/04/2019,1294.3
04/03/2019,1295.3
04/02/2019,1295.4
04/01/2019,1294.2
03/29/2019,1298.5
03/28/2019,1295.3
03/27/2019,1316.9
03/26/2019,1321.4
03/25/2019,1329
03/22/2019,1318.7
03/21/2019,1313.6
03/20/2019,1300.5
03/19/2019,1306.5
03/18/2019,1301.5
03/15/2019,1302.9
03/14/2019,1293.4
03/13/2019,1309.3
03/12/2019,1296.3
03/11/2019,1291.1
03/08/2019,1299.3
03/07/2019,1286.1
03/06/2019,1287.6
03/05/2019,1284.7
03/04/2019,1287.5
03/01/2019,1299.2
02/28/2019,1316.1
02/27/2019,1317.7
02/26/2019,1328.5
02/25/2019,1329.5
02/22/2019,1332.8
02/21/2019,1327.8
02/20/2019,1347.9
02/19/2019,1344.8
02/15/2019,1322.1
02/14/2019,1313.9
02/13/2019,1310.8
02/12/2019,1314
02/11/2019,1307
02/08/2019,1318.5
02/07/2019,1314.2
02/06/2019,1314.4
02/05/2019,1319.2
02/04/2019,1319.3
02/01/2019,1322.1
01/31/2019,1325.2
01/30/2019,1315.5
01/29/2019,1315.2
01/28/2019,1309.3
01/25/2019,1304.2
01/24/2019,1285.9
01/23/2019,1290.2
01/22/2019,1283.4
01/18/2019,1282.6
01/17/2019,1292.3
01/16/2019,1293.8
01/15/2019,1288.4
01/14/2019,1289.1
01/11/2019,1289.5
01/10/2019,1287.4
01/09/2019,1292
01/08/2019,1285.9
01/07/2019,1289.9
01/04/2019,1285.8
01/03/2019,1294.8
01/02/2019,1284.1
12/31/2018,1281.3
12/28/2018,1283
12/27/2018,1281.1
12/26/2018,1273
12/24/2018,1271.8
12/21/2018,1258.1
12/20/2018,1267.9
12/19/2018,1256.4
12/18/2018,1253.6
12/17/2018,1251.8
12/14/2018,1241.4
12/13/2018,1247.4
12/12/2018,1250
12/11/2018,1247.2
12/10/2018,1249.4
12/07/2018,1252.6
12/06/2018,1243.6
12/05/2018,1242.6
12/04/2018,1246.6
12/03/2018,1239.6
11/30/2018,1226
11/29/2018,1230.4
11/28/2018,1229.8
11/27/2018,1219.9
11/26/2018,1228.7
11/23/2018,1223.2
11/21/2018,1225.8
11/20/2018,1221.2
11/19/2018,1225.3
11/16/2018,1223
11/15/2018,1215
11/14/2018,1210.1
11/13/2018,1199.2
11/12/2018,1201.3
11/09/2018,1208.6
11/08/2018,1225.1
11/07/2018,1228.7
11/06/2018,1226.3
11/05/2018,1232.3
11/02/2018,1233.3
11/01/2018,1238.6
10/31/2018,1215
10/30/2018,1225.3
10/29/2018,1227.6
10/26/2018,1235.8
10/25/2018,1232.4
10/24/2018,1231.1
10/23/2018,1236.8
10/22/2018,1224.6
10/19/2018,1228.7
10/18/2018,1230.1
10/17/2018,1227.4
10/16/2018,1231
10/15/2018,1226.4
10/12/2018,1222
10/11/2018,1227.6
10/10/2018,1193.4
10/09/2018,1191.5
10/08/2018,1184.4
10/05/2018,1205.6
10/04/2018,1201.6
10/03/2018,1202.9
10/02/2018,1207
10/01/2018,1191.7
09/28/2018,1196.2
09/27/2018,1182.3
09/26/2018,1199.1
09/25/2018,1205.1
09/24/2018,1204.4
09/21/2018,1201.3
09/20/2018,1211.3
09/19/2018,1202.2
09/18/2018,1202.9
09/17/2018,1205.8
09/14/2018,1201.1
09/13/2018,1208.2
09/12/2018,1210.9
09/11/2018,1202.2
09/10/2018,1199.8
09/07/2018,1200.4
09/06/2018,1204.3
09/05/2018,1201.3
09/04/2018,1199.1
08/31/2018,1206.7
08/30/2018,1205
08/29/2018,1211.5
08/28/2018,1207.4
08/27/2018,1216
08/24/2018,1213.3
08/23/2018,1194
08/22/2018,1203.3
08/21/2018,1200
08/20/2018,1194.6
08/17/2018,1184.2
08/16/2018,1184
08/15/2018,1185
08/14/2018,1193
08/13/2018,1198.9
08/10/2018,1219
08/09/2018,1219.9
08/08/2018,1221
08/07/2018,1218.3
08/06/2018,1208.6
08/03/2018,1223.2
08/02/2018,1210.6
08/01/2018,1227.6
07/31/2018,1233.6
07/30/2018,1231.5
07/27/2018,1232.7
07/26/2018,1235.3
07/25/2018,1241
07/24/2018,1234.6
07/23/2018,1234.4
07/20/2018,1231.1
07/19/2018,1224
07/18/2018,1227.9
07/17/2018,1227.3
07/16/2018,1239.7
07/13/2018,1241.2
07/12/2018,1246.6
07/11/2018,1244.4
07/10/2018,1255.4
07/09/2018,1259.6
07/06/2018,1255.8
07/05/2018,1258.8
07/03/2018,1253.5
07/02/2018,1241.7
06/29/2018,1254.5
06/28/2018,1251
06/27/2018,1256.1
06/26/2018,1259.9
06/25/2018,1268.9
06/22/2018,1270.7
06/21/2018,1270.5
06/20/2018,1274.5
06/19/2018,1278.6
06/18/2018,1280.1
06/15/2018,1278.5
06/14/2018,1308.3
06/13/2018,1301.3
06/12/2018,1299.4
06/11/2018,1303.2
06/08/2018,1302.7
06/07/2018,1303
06/06/2018,1301.4
06/05/2018,1302.2
06/04/2018,1297.3
06/01/2018,1299.3
05/31/2018,1304.7
05/30/2018,1306.5
05/29/2018,1304.1
05/25/2018,1309
05/24/2018,1309.8
05/23/2018,1294.8
05/22/2018,1297.4
05/21/2018,1290.9
05/18/2018,1291.3
05/17/2018,1289.4
05/16/2018,1291.5
05/15/2018,1290.3
05/14/2018,1318.2
05/11/2018,1320.7
05/10/2018,1322.3
05/09/2018,1313
05/08/2018,1313.7
05/07/2018,1314.1
05/04/2018,1314.7
05/03/2018,1312.7
05/02/2018,1305.6
05/01/2018,1306.8
04/30/2018,1319.2
04/27/2018,1323.4
04/26/2018,1317.9
04/25/2018,1322.8
04/24/2018,1333
04/23/2018,1324
04/20/2018,1338.3
04/19/2018,1348.8
04/18/2018,1353.5
04/17/2018,1349.5
04/16/2018,1350.7
04/13/2018,1347.9
04/12/2018,1341.9
04/11/2018,1360
04/10/2018,1345.9
04/09/2018,1340.1
04/06/2018,1336.1
04/05/2018,1328.5
04/04/2018,1340.2
04/03/2018,1337.3
04/02/2018,1352.9
03/29/2018,1327.3
03/28/2018,1330
03/27/2018,1347.9
03/26/2018,1360.9
03/23/2018,1355.7
03/22/2018,1333.2
03/21/2018,1321.5
03/20/2018,1311.9
03/19/2018,1317.8
03/16/2018,1312.3
03/15/2018,1317.8
03/14/2018,1325.6
03/13/2018,1327.1
03/12/2018,1320.8
03/09/2018,1324
03/08/2018,1321.7
03/07/2018,1327.6
03/06/2018,1335.2
03/05/2018,1319.9
03/02/2018,1323.4
03/01/2018,1305.2
02/28/2018,1317.9
02/27/2018,1315.5
02/26/2018,1332.8
02/23/2018,1330.3
02/22/2018,1332.7
02/21/2018,1332.1
02/20/2018,1331.2
02/16/2018,1356.2
02/15/2018,1355.3
02/14/2018,1358
02/13/2018,1330.4
02/12/2018,1326.4
02/09/2018,1315.7
02/08/2018,1319
02/07/2018,1314.6
02/06/2018,1329.5
02/05/2018,1336.5
02/02/2018,1337.3
02/01/2018,1347.9
01/31/2018,1343.1
01/30/2018,1340
01/29/2018,1345.1
01/26/2018,1357.2
01/25/2018,1368
01/24/2018,1361.4
01/23/2018,1336.7
01/22/2018,1331.9
01/19/2018,1333.1
01/18/2018,1327.2
01/17/2018,1339.2
01/16/2018,1337.1
01/12/2018,1334.9
01/11/2018,1322.5
01/10/2018,1319.3
01/09/2018,1313.7
01/08/2018,1320.4
01/05/2018,1322.3
01/04/2018,1321.6
01/03/2018,1318.5
01/02/2018,1316.1
12/29/2017,1309.3
12/28/2017,1297.2
12/27/2017,1291.4
12/26/2017,1287.5
12/22/2017,1278.8
12/21/2017,1270.6
12/20/2017,1269.6
12/19/2017,1264.2
12/18/2017,1265.5
12/15/2017,1257.5
12/14/2017,1257.1
12/13/2017,1248.6
12/12/2017,1241.7
12/11/2017,1246.9
12/08/2017,1248.4
12/07/2017,1253.1
12/06/2017,1266.1
12/05/2017,1264.9
12/04/2017,1277.7
12/01/2017,1282.3
11/30/2017,1276.7
11/29/2017,1286.2
11/28/2017,1299.2
11/27/2017,1298.9
11/24/2017,1291.8
11/22/2017,1296.8
11/21/2017,1281.7
11/20/2017,1275.3
11/17/2017,1296.5
11/16/2017,1278.2
11/15/2017,1277.7
11/14/2017,1282.9
11/13/2017,1278.9
11/10/2017,1274.2
11/09/2017,1287.5
11/08/2017,1283.7
11/07/2017,1275.8
11/06/2017,1281.6
11/03/2017,1269.2
11/02/2017,1278.1
11/01/2017,1277.3
10/31/2017,1270.5
10/30/2017,1277.7
10/27/2017,1271.8
10/26/2017,1269.6
10/25/2017,1279
10/24/2017,1278.3
10/23/2017,1280.9
10/20/2017,1280.5
10/19/2017,1290
10/18/2017,1283
10/17/2017,1286.2
10/16/2017,1303
10/13/2017,1304.6
10/12/2017,1296.5
10/11/2017,1288.9
10/10/2017,1293.8
10/09/2017,1285
10/06/2017,1274.9
10/05/2017,1273.2
10/04/2017,1276.8
10/03/2017,1274.6
10/02/2017,1275.8
09/29/2017,1284.8
09/28/2017,1288.7
09/27/2017,1287.8
09/26/2017,1301.7
09/25/2017,1311.5
09/22/2017,1297.5
09/21/2017,1294.8
09/20/2017,1316.4
09/19/2017,1310.6
09/18/2017,1310.8
09/15/2017,1325.2
09/14/2017,1329.3
09/13/2017,1328
09/12/2017,1332.7
09/11/2017,1335.7
09/08/2017,1351.2
09/07/2017,1350.3
09/06/2017,1339
09/05/2017,1344.5
09/01/2017,1330.4
08/31/2017,1322.2
08/30/2017,1314.1
08/29/2017,1318.9
08/28/2017,1315.3
08/25/2017,1297.9
08/24/2017,1292
08/23/2017,1294.7
08/22/2017,1291
08/21/2017,1296.7
08/18/2017,1291.6
08/17/2017,1292.4
08/16/2017,1282.9
08/15/2017,1279.7
08/14/2017,1290.4
08/11/2017,1294
08/10/2017,1290.1
08/09/2017,1279.3
08/08/2017,1262.6
08/07/2017,1264.7
08/04/2017,1264.6
08/03/2017,1274.4
08/02/2017,1278.4
08/01/2017,1279.4
07/31/2017,1273.4
07/28/2017,1275.3
07/27/2017,1266.5
07/26/2017,1255.6
07/25/2017,1258.5
07/24/2017,1260.7
07/21/2017,1261
07/20/2017,1245.5
07/19/2017,1242
07/18/2017,1241.9
07/17/2017,1233.7
07/14/2017,1227.5
07/13/2017,1217.3
07/12/2017,1219.1
07/11/2017,1214.7
07/10/2017,1213.2
07/07/2017,1209.7
07/06/2017,1223.3
07/05/2017,1221.7
07/03/2017,1219.2
06/30/2017,1242.3
06/29/2017,1245.8
06/28/2017,1249.1
06/27/2017,1246.9
06/26/2017,1246.4
06/23/2017,1256.4
06/22/2017,1249.4
06/21/2017,1245.8
06/20/2017,1243.5
06/19/2017,1246.7
06/16/2017,1256.5
06/15/2017,1254.6
06/14/2017,1275.9
06/13/2017,1268.6
06/12/2017,1268.9
06/09/2017,1271.4
06/08/2017,1279.5
06/07/2017,1293.2
06/06/2017,1297.5
06/05/2017,1282.7
06/02/2017,1280.2
06/01/2017,1270.1
05/31/2017,1275.4
05/30/2017,1265.7
05/26/2017,1271.4
05/25/2017,1259.8
05/24/2017,1253.1
05/23/2017,1255.5
05/22/2017,1261.4
05/19/2017,1253.6
05/18/2017,1252.8
05/17/2017,1258.7
05/16/2017,1236.4
05/15/2017,1230
05/12/2017,1227.7
05/11/2017,1224.2
05/10/2017,1218.9
05/09/2017,1216.1
05/08/2017,1227.1
05/05/2017,1226.9
05/04/2017,1228.6
05/03/2017,1248.5
05/02/2017,1257
05/01/2017,1255.5
04/28/2017,1268.3
04/27/2017,1265.9
04/26/2017,1264.2
04/25/2017,1267.2
04/24/2017,1277.5
04/21/2017,1289.1
04/20/2017,1283.8
04/19/2017,1283.4
04/18/2017,1294.1
04/17/2017,1291.9
04/13/2017,1288.5
04/12/2017,1278.1
04/11/2017,1274.2
04/10/2017,1253.9
04/07/2017,1257.3
04/06/2017,1253.3
04/05/2017,1248.5
04/04/2017,1258.4
04/03/2017,1254
03/31/2017,1251.2
03/30/2017,1248
03/29/2017,1256.8
03/28/2017,1258.8
03/27/2017,1258.8
03/24/2017,1251.7
03/23/2017,1250.1
03/22/2017,1249.7
03/21/2017,1246.5
03/20/2017,1234
03/17/2017,1230.2
03/16/2017,1227.1
03/15/2017,1200.7
03/14/2017,1202.6
03/13/2017,1203.1
03/10/2017,1201.4
03/09/2017,1203.2
03/08/2017,1209.4
03/07/2017,1216.1
03/06/2017,1225.5
03/03/2017,1226.5
03/02/2017,1232.9
03/01/2017,1250
02/28/2017,1253.9
02/27/2017,1258.8
02/24/2017,1258.3
02/23/2017,1251.4
02/22/2017,1233.3
02/21/2017,1238.9
02/17/2017,1239.1
02/16/2017,1241.6
02/15/2017,1233.1
02/14/2017,1225.4
02/13/2017,1225.8
02/10/2017,1235.9
02/09/2017,1236.8
02/08/2017,1239.5
02/07/2017,1236.1
02/06/2017,1232.1
02/03/2017,1220.8
02/02/2017,1219.4
02/01/2017,1208.3
01/31/2017,1211.4
01/30/2017,1196
01/27/2017,1191.1
01/26/2017,1192.5
01/25/2017,1200.5
01/24/2017,1210.8
01/23/2017,1215.6
01/20/2017,1204.9
01/19/2017,1201.5
01/18/2017,1212.1
01/17/2017,1212.9
01/13/2017,1196.2
01/12/2017,1199.8
01/11/2017,1196.6
01/10/2017,1185.5
01/09/2017,1184.9
01/06/2017,1173.4
01/05/2017,1181.3
01/04/2017,1165.3
01/03/2017,1162
12/30/2016,1151.7
12/29/2016,1158.1
12/28/2016,1140.9
12/27/2016,1138.8
12/23/2016,1133.6
12/22/2016,1133.6
12/21/2016,1133.2
12/20/2016,1133.6
12/19/2016,1142.7
12/16/2016,1137.4
12/15/2016,1129.8
12/14/2016,1163.7
12/13/2016,1159
12/12/2016,1165.8
12/09/2016,1161.9
12/08/2016,1172.4
12/07/2016,1177.5
12/06/2016,1170.1
12/05/2016,1176.5
12/02/2016,1177.8
12/01/2016,1169.4
11/30/2016,1173.9
11/29/2016,1190.8
11/28/2016,1193.8
11/25/2016,1181
11/23/2016,1192.4
11/22/2016,1211.2
11/21/2016,1209.8
11/18/2016,1208.7
11/17/2016,1216.9
11/16/2016,1223.9
11/15/2016,1224.5
11/14/2016,1221.7
11/11/2016,1224.3
11/10/2016,1266.4
11/09/2016,1273.5
11/08/2016,1274.5
11/07/2016,1279.4
11/04/2016,1304.5
11/03/2016,1303.3
11/02/2016,1308.2
11/01/2016,1288
10/31/2016,1273.1
10/28/2016,1276.8
10/27/2016,1269.5
10/26/2016,1266.6
10/25/2016,1273.6
10/24/2016,1263.7
10/21/2016,1267.7
10/20/2016,1267.5
10/19/2016,1269.9
10/18/2016,1262.9
10/17/2016,1256.6
10/14/2016,1255.5
10/13/2016,1257.6
10/12/2016,1253.8
10/11/2016,1255.9
10/10/2016,1260.4
10/07/2016,1251.9
10/06/2016,1253
10/05/2016,1268.6
10/04/2016,1269.7
10/03/2016,1312.7
09/30/2016,1317.1
09/29/2016,1326
09/28/2016,1323.7
09/27/2016,1330.4
09/26/2016,1344.1
09/23/2016,1341.7
09/22/2016,1344.7
09/21/2016,1331.4
09/20/2016,1318.2
09/19/2016,1317.8
09/16/2016,1310.2
09/15/2016,1318
09/14/2016,1326.1
09/13/2016,1323.7
09/12/2016,1325.6
09/09/2016,1334.5
09/08/2016,1341.6
09/07/2016,1349.2
09/06/2016,1349.2
09/02/2016,1354
09/01/2016,1317.1
08/31/2016,1311.4
08/30/2016,1316.5
08/29/2016,1327.1
08/26/2016,1325.9
08/25/2016,1324.6
08/24/2016,1329.7
08/23/2016,1346.1
08/22/2016,1343.4
08/19/2016,1346.2
08/18/2016,1357.2
08/17/2016,1348.8
08/16/2016,1356.9
08/15/2016,1347.5
08/12/2016,1343.2
08/11/2016,1350
08/10/2016,1351.9
08/09/2016,1346.7
08/08/2016,1341.3
08/05/2016,1344.4
08/04/2016,1367.4
08/03/2016,1364.7
08/02/2016,1372.6
08/01/2016,1359.6
07/29/2016,1349
07/28/2016,1332.3
07/27/2016,1326.7
07/26/2016,1320.8
07/25/2016,1319.5
07/22/2016,1323.4
07/21/2016,1331
07/20/2016,1319.3
07/19/2016,1332.3
07/18/2016,1329.3
07/15/2016,1327.4
07/14/2016,1327.4
07/13/2016,1332.2
07/12/2016,1335.3
07/11/2016,1356.6
07/08/2016,1358.4
07/07/2016,1362.1
07/06/2016,1367.1
07/05/2016,1358.7
07/01/2016,1339
06/30/2016,1320.6